country,year,population,fossil_share_energy
Australia,2015,23947997,94.045
Australia,2016,24329963,93.215
Australia,2017,24731044,93.627
Australia,2018,25119700,92.152
Australia,2019,25482714,91.593
Australia,2020,25743787,89.708
Australia,2021,25956417,87.717
Brazil,2015,201675534,60.217
Brazil,2016,203218108,57.285
Brazil,2017,204703440,57.551
Brazil,2018,206107265,54.731
Brazil,2019,207455459,53.678
Brazil,2020,208660845,51.847
Brazil,2021,209550291,55.294
Canada,2015,35962236,65.785
Canada,2016,36353345,65.047
Canada,2017,36808498,64.986
Canada,2018,37294996,66.130
Canada,2019,37782934,66.353
Canada,2020,38171903,64.143
Canada,2021,38454058,64.911
Germany,2015,82077546,79.486
Germany,2016,82760102,80.318
Germany,2017,83104010,79.739
Germany,2018,83368507,78.776
Germany,2019,83559184,77.188
Germany,2020,83628711,75.390
Germany,2021,83697080,77.140
India,2015,1328024494,92.410
India,2016,1343944296,92.473
India,2017,1359657398,92.111
India,2018,1374659067,91.616
India,2019,1389030307,90.681
India,2020,1402617694,89.847
India,2021,1414203896,90.204
Japan,2015,127275868,92.100
Japan,2016,127159950,91.565
Japan,2017,127064686,90.608
Japan,2018,126913432,89.042
Japan,2019,126699421,87.991
Japan,2020,126304533,87.329
Japan,2021,125679342,86.170
Kenya,2015,47088528,
Kenya,2016,48139683,
Kenya,2017,49197757,
Kenya,2018,50207109,
Kenya,2019,51202829,
Kenya,2020,52217327,
Kenya,2021,53219167,
Nigeria,2015,190671883,
Nigeria,2016,195443698,
Nigeria,2017,200254580,
Nigeria,2018,204938752,
Nigeria,2019,209485637,
Nigeria,2020,213996185,
Nigeria,2021,218529286,
United States,2015,326126496,84.492
United States,2016,329179423,83.681
United States,2017,332204657,82.997
United States,2018,335056492,83.423
United States,2019,337790069,83.053
United States,2020,339436156,81.489
United States,2021,340161438,82.050
Vietnam,2015,92823254,82.203
Vietnam,2016,94000115,81.347
Vietnam,2017,95176978,76.883
Vietnam,2018,96237319,80.345
Vietnam,2019,97173778,85.086
Vietnam,2020,98079196,82.724
Vietnam,2021,98935101,77.840
